dosen,day,time,val
dosen_0,Jumat,08:00,0.0
dosen_0,Jumat,09:30,0.0
dosen_0,Jumat,13:30,0.0
dosen_0,Jumat,15:30,0.0
dosen_0,Kamis,08:00,0.0
dosen_0,Kamis,09:30,0.0
dosen_0,Kamis,13:30,1.0
dosen_0,Kamis,15:30,1.0
dosen_0,Rabu,08:00,0.0
dosen_0,Rabu,09:30,0.0
dosen_0,Rabu,13:30,1.0
dosen_0,Rabu,15:30,0.0
dosen_0,Selasa,08:00,0.0
dosen_0,Selasa,09:30,0.0
dosen_0,Selasa,13:30,1.0
dosen_0,Selasa,15:30,0.0
dosen_0,Senin,08:00,0.0
dosen_0,Senin,09:30,0.0
dosen_0,Senin,13:30,1.0
dosen_0,Senin,15:30,1.0
dosen_1,Jumat,08:00,0.0
dosen_1,Jumat,09:30,0.0
dosen_1,Jumat,13:30,0.0
dosen_1,Jumat,15:30,1.0
dosen_1,Kamis,08:00,0.0
dosen_1,Kamis,09:30,1.0
dosen_1,Kamis,13:30,1.0
dosen_1,Kamis,15:30,0.0
dosen_1,Rabu,08:00,0.0
dosen_1,Rabu,09:30,1.0
dosen_1,Rabu,13:30,1.0
dosen_1,Rabu,15:30,0.0
dosen_1,Selasa,08:00,0.0
dosen_1,Selasa,09:30,1.0
dosen_1,Selasa,13:30,1.0
dosen_1,Selasa,15:30,0.0
dosen_1,Senin,08:00,0.0
dosen_1,Senin,09:30,1.0
dosen_1,Senin,13:30,0.0
dosen_1,Senin,15:30,1.0
dosen_2,Jumat,08:00,0.0
dosen_2,Jumat,09:30,0.0
dosen_2,Jumat,13:30,0.0
dosen_2,Jumat,15:30,0.0
dosen_2,Kamis,08:00,0.0
dosen_2,Kamis,09:30,0.0
dosen_2,Kamis,13:30,0.0
dosen_2,Kamis,15:30,1.0
dosen_2,Rabu,08:00,0.0
dosen_2,Rabu,09:30,1.0
dosen_2,Rabu,13:30,1.0
dosen_2,Rabu,15:30,0.0
dosen_2,Selasa,08:00,0.0
dosen_2,Selasa,09:30,0.0
dosen_2,Selasa,13:30,1.0
dosen_2,Selasa,15:30,1.0
dosen_2,Senin,08:00,0.0
dosen_2,Senin,09:30,1.0
dosen_2,Senin,13:30,1.0
dosen_2,Senin,15:30,1.0
dosen_3,Jumat,08:00,0.0
dosen_3,Jumat,09:30,1.0
dosen_3,Jumat,13:30,1.0
dosen_3,Jumat,15:30,0.0
dosen_3,Kamis,08:00,0.0
dosen_3,Kamis,09:30,1.0
dosen_3,Kamis,13:30,1.0
dosen_3,Kamis,15:30,0.0
dosen_3,Rabu,08:00,0.0
dosen_3,Rabu,09:30,0.0
dosen_3,Rabu,13:30,0.0
dosen_3,Rabu,15:30,0.0
dosen_3,Selasa,08:00,0.0
dosen_3,Selasa,09:30,0.0
dosen_3,Selasa,13:30,0.0
dosen_3,Selasa,15:30,1.0
dosen_3,Senin,08:00,0.0
dosen_3,Senin,09:30,1.0
dosen_3,Senin,13:30,1.0
dosen_3,Senin,15:30,1.0
dosen_4,Jumat,08:00,0.0
dosen_4,Jumat,09:30,1.0
dosen_4,Jumat,13:30,1.0
dosen_4,Jumat,15:30,1.0
dosen_4,Kamis,08:00,0.0
dosen_4,Kamis,09:30,1.0
dosen_4,Kamis,13:30,1.0
dosen_4,Kamis,15:30,0.0
dosen_4,Rabu,08:00,0.0
dosen_4,Rabu,09:30,1.0
dosen_4,Rabu,13:30,1.0
dosen_4,Rabu,15:30,1.0
dosen_4,Selasa,08:00,0.0
dosen_4,Selasa,09:30,0.0
dosen_4,Selasa,13:30,1.0
dosen_4,Selasa,15:30,1.0
dosen_4,Senin,08:00,0.0
dosen_4,Senin,09:30,0.0
dosen_4,Senin,13:30,0.0
dosen_4,Senin,15:30,0.0
dosen_5,Jumat,08:00,0.0
dosen_5,Jumat,09:30,1.0
dosen_5,Jumat,13:30,1.0
dosen_5,Jumat,15:30,0.0
dosen_5,Kamis,08:00,0.0
dosen_5,Kamis,09:30,0.0
dosen_5,Kamis,13:30,0.0
dosen_5,Kamis,15:30,0.0
dosen_5,Rabu,08:00,0.0
dosen_5,Rabu,09:30,1.0
dosen_5,Rabu,13:30,0.0
dosen_5,Rabu,15:30,0.0
dosen_5,Selasa,08:00,0.0
dosen_5,Selasa,09:30,1.0
dosen_5,Selasa,13:30,1.0
dosen_5,Selasa,15:30,0.0
dosen_5,Senin,08:00,0.0
dosen_5,Senin,09:30,0.0
dosen_5,Senin,13:30,1.0
dosen_5,Senin,15:30,1.0
dosen_6,Jumat,08:00,0.0
dosen_6,Jumat,09:30,0.0
dosen_6,Jumat,13:30,0.0
dosen_6,Jumat,15:30,0.0
dosen_6,Kamis,08:00,0.0
dosen_6,Kamis,09:30,1.0
dosen_6,Kamis,13:30,0.0
dosen_6,Kamis,15:30,1.0
dosen_6,Rabu,08:00,0.0
dosen_6,Rabu,09:30,1.0
dosen_6,Rabu,13:30,0.0
dosen_6,Rabu,15:30,0.0
dosen_6,Selasa,08:00,0.0
dosen_6,Selasa,09:30,1.0
dosen_6,Selasa,13:30,0.0
dosen_6,Selasa,15:30,1.0
dosen_6,Senin,08:00,0.0
dosen_6,Senin,09:30,1.0
dosen_6,Senin,13:30,1.0
dosen_6,Senin,15:30,0.0
dosen_7,Jumat,08:00,0.0
dosen_7,Jumat,09:30,0.0
dosen_7,Jumat,13:30,1.0
dosen_7,Jumat,15:30,1.0
dosen_7,Kamis,08:00,0.0
dosen_7,Kamis,09:30,1.0
dosen_7,Kamis,13:30,1.0
dosen_7,Kamis,15:30,0.0
dosen_7,Rabu,08:00,0.0
dosen_7,Rabu,09:30,0.0
dosen_7,Rabu,13:30,1.0
dosen_7,Rabu,15:30,1.0
dosen_7,Selasa,08:00,0.0
dosen_7,Selasa,09:30,1.0
dosen_7,Selasa,13:30,1.0
dosen_7,Selasa,15:30,0.0
dosen_7,Senin,08:00,0.0
dosen_7,Senin,09:30,0.0
dosen_7,Senin,13:30,1.0
dosen_7,Senin,15:30,0.0
dosen_8,Jumat,08:00,0.0
dosen_8,Jumat,09:30,1.0
dosen_8,Jumat,13:30,0.0
dosen_8,Jumat,15:30,1.0
dosen_8,Kamis,08:00,0.0
dosen_8,Kamis,09:30,0.0
dosen_8,Kamis,13:30,1.0
dosen_8,Kamis,15:30,1.0
dosen_8,Rabu,08:00,0.0
dosen_8,Rabu,09:30,0.0
dosen_8,Rabu,13:30,0.0
dosen_8,Rabu,15:30,0.0
dosen_8,Selasa,08:00,0.0
dosen_8,Selasa,09:30,1.0
dosen_8,Selasa,13:30,0.0
dosen_8,Selasa,15:30,0.0
dosen_8,Senin,08:00,0.0
dosen_8,Senin,09:30,1.0
dosen_8,Senin,13:30,1.0
dosen_8,Senin,15:30,1.0
dosen_9,Jumat,08:00,0.0
dosen_9,Jumat,09:30,0.0
dosen_9,Jumat,13:30,0.0
dosen_9,Jumat,15:30,1.0
dosen_9,Kamis,08:00,0.0
dosen_9,Kamis,09:30,1.0
dosen_9,Kamis,13:30,0.0
dosen_9,Kamis,15:30,1.0
dosen_9,Rabu,08:00,0.0
dosen_9,Rabu,09:30,1.0
dosen_9,Rabu,13:30,1.0
dosen_9,Rabu,15:30,1.0
dosen_9,Selasa,08:00,0.0
dosen_9,Selasa,09:30,0.0
dosen_9,Selasa,13:30,0.0
dosen_9,Selasa,15:30,0.0
dosen_9,Senin,08:00,0.0
dosen_9,Senin,09:30,1.0
dosen_9,Senin,13:30,1.0
dosen_9,Senin,15:30,1.0
dosen_10,Jumat,08:00,0.0
dosen_10,Jumat,09:30,1.0
dosen_10,Jumat,13:30,0.0
dosen_10,Jumat,15:30,1.0
dosen_10,Kamis,08:00,0.0
dosen_10,Kamis,09:30,0.0
dosen_10,Kamis,13:30,0.0
dosen_10,Kamis,15:30,1.0
dosen_10,Rabu,08:00,0.0
dosen_10,Rabu,09:30,1.0
dosen_10,Rabu,13:30,0.0
dosen_10,Rabu,15:30,1.0
dosen_10,Selasa,08:00,0.0
dosen_10,Selasa,09:30,0.0
dosen_10,Selasa,13:30,0.0
dosen_10,Selasa,15:30,1.0
dosen_10,Senin,08:00,0.0
dosen_10,Senin,09:30,0.0
dosen_10,Senin,13:30,0.0
dosen_10,Senin,15:30,0.0
dosen_11,Jumat,08:00,0.0
dosen_11,Jumat,09:30,1.0
dosen_11,Jumat,13:30,0.0
dosen_11,Jumat,15:30,0.0
dosen_11,Kamis,08:00,0.0
dosen_11,Kamis,09:30,1.0
dosen_11,Kamis,13:30,0.0
dosen_11,Kamis,15:30,0.0
dosen_11,Rabu,08:00,0.0
dosen_11,Rabu,09:30,1.0
dosen_11,Rabu,13:30,0.0
dosen_11,Rabu,15:30,0.0
dosen_11,Selasa,08:00,0.0
dosen_11,Selasa,09:30,1.0
dosen_11,Selasa,13:30,1.0
dosen_11,Selasa,15:30,1.0
dosen_11,Senin,08:00,0.0
dosen_11,Senin,09:30,1.0
dosen_11,Senin,13:30,0.0
dosen_11,Senin,15:30,0.0
dosen_12,Jumat,08:00,0.0
dosen_12,Jumat,09:30,0.0
dosen_12,Jumat,13:30,1.0
dosen_12,Jumat,15:30,1.0
dosen_12,Kamis,08:00,0.0
dosen_12,Kamis,09:30,0.0
dosen_12,Kamis,13:30,1.0
dosen_12,Kamis,15:30,1.0
dosen_12,Rabu,08:00,0.0
dosen_12,Rabu,09:30,0.0
dosen_12,Rabu,13:30,0.0
dosen_12,Rabu,15:30,1.0
dosen_12,Selasa,08:00,0.0
dosen_12,Selasa,09:30,1.0
dosen_12,Selasa,13:30,0.0
dosen_12,Selasa,15:30,0.0
dosen_12,Senin,08:00,0.0
dosen_12,Senin,09:30,0.0
dosen_12,Senin,13:30,0.0
dosen_12,Senin,15:30,0.0
dosen_13,Jumat,08:00,0.0
dosen_13,Jumat,09:30,0.0
dosen_13,Jumat,13:30,0.0
dosen_13,Jumat,15:30,0.0
dosen_13,Kamis,08:00,0.0
dosen_13,Kamis,09:30,0.0
dosen_13,Kamis,13:30,1.0
dosen_13,Kamis,15:30,1.0
dosen_13,Rabu,08:00,0.0
dosen_13,Rabu,09:30,1.0
dosen_13,Rabu,13:30,1.0
dosen_13,Rabu,15:30,1.0
dosen_13,Selasa,08:00,0.0
dosen_13,Selasa,09:30,0.0
dosen_13,Selasa,13:30,0.0
dosen_13,Selasa,15:30,0.0
dosen_13,Senin,08:00,0.0
dosen_13,Senin,09:30,0.0
dosen_13,Senin,13:30,1.0
dosen_13,Senin,15:30,1.0
dosen_14,Jumat,08:00,0.0
dosen_14,Jumat,09:30,1.0
dosen_14,Jumat,13:30,1.0
dosen_14,Jumat,15:30,1.0
dosen_14,Kamis,08:00,0.0
dosen_14,Kamis,09:30,1.0
dosen_14,Kamis,13:30,1.0
dosen_14,Kamis,15:30,0.0
dosen_14,Rabu,08:00,0.0
dosen_14,Rabu,09:30,1.0
dosen_14,Rabu,13:30,1.0
dosen_14,Rabu,15:30,1.0
dosen_14,Selasa,08:00,0.0
dosen_14,Selasa,09:30,1.0
dosen_14,Selasa,13:30,1.0
dosen_14,Selasa,15:30,0.0
dosen_14,Senin,08:00,0.0
dosen_14,Senin,09:30,1.0
dosen_14,Senin,13:30,0.0
dosen_14,Senin,15:30,1.0
dosen_15,Jumat,08:00,0.0
dosen_15,Jumat,09:30,1.0
dosen_15,Jumat,13:30,1.0
dosen_15,Jumat,15:30,0.0
dosen_15,Kamis,08:00,0.0
dosen_15,Kamis,09:30,1.0
dosen_15,Kamis,13:30,1.0
dosen_15,Kamis,15:30,1.0
dosen_15,Rabu,08:00,0.0
dosen_15,Rabu,09:30,0.0
dosen_15,Rabu,13:30,0.0
dosen_15,Rabu,15:30,1.0
dosen_15,Selasa,08:00,0.0
dosen_15,Selasa,09:30,0.0
dosen_15,Selasa,13:30,1.0
dosen_15,Selasa,15:30,1.0
dosen_15,Senin,08:00,0.0
dosen_15,Senin,09:30,1.0
dosen_15,Senin,13:30,0.0
dosen_15,Senin,15:30,0.0
dosen_16,Jumat,08:00,0.0
dosen_16,Jumat,09:30,1.0
dosen_16,Jumat,13:30,1.0
dosen_16,Jumat,15:30,0.0
dosen_16,Kamis,08:00,0.0
dosen_16,Kamis,09:30,1.0
dosen_16,Kamis,13:30,0.0
dosen_16,Kamis,15:30,0.0
dosen_16,Rabu,08:00,0.0
dosen_16,Rabu,09:30,0.0
dosen_16,Rabu,13:30,1.0
dosen_16,Rabu,15:30,1.0
dosen_16,Selasa,08:00,0.0
dosen_16,Selasa,09:30,1.0
dosen_16,Selasa,13:30,1.0
dosen_16,Selasa,15:30,1.0
dosen_16,Senin,08:00,0.0
dosen_16,Senin,09:30,0.0
dosen_16,Senin,13:30,0.0
dosen_16,Senin,15:30,1.0
dosen_17,Jumat,08:00,0.0
dosen_17,Jumat,09:30,1.0
dosen_17,Jumat,13:30,1.0
dosen_17,Jumat,15:30,0.0
dosen_17,Kamis,08:00,0.0
dosen_17,Kamis,09:30,0.0
dosen_17,Kamis,13:30,0.0
dosen_17,Kamis,15:30,0.0
dosen_17,Rabu,08:00,0.0
dosen_17,Rabu,09:30,0.0
dosen_17,Rabu,13:30,0.0
dosen_17,Rabu,15:30,1.0
dosen_17,Selasa,08:00,0.0
dosen_17,Selasa,09:30,1.0
dosen_17,Selasa,13:30,1.0
dosen_17,Selasa,15:30,1.0
dosen_17,Senin,08:00,0.0
dosen_17,Senin,09:30,1.0
dosen_17,Senin,13:30,1.0
dosen_17,Senin,15:30,0.0
dosen_18,Jumat,08:00,0.0
dosen_18,Jumat,09:30,0.0
dosen_18,Jumat,13:30,1.0
dosen_18,Jumat,15:30,1.0
dosen_18,Kamis,08:00,0.0
dosen_18,Kamis,09:30,1.0
dosen_18,Kamis,13:30,1.0
dosen_18,Kamis,15:30,0.0
dosen_18,Rabu,08:00,0.0
dosen_18,Rabu,09:30,1.0
dosen_18,Rabu,13:30,1.0
dosen_18,Rabu,15:30,0.0
dosen_18,Selasa,08:00,0.0
dosen_18,Selasa,09:30,1.0
dosen_18,Selasa,13:30,0.0
dosen_18,Selasa,15:30,0.0
dosen_18,Senin,08:00,0.0
dosen_18,Senin,09:30,0.0
dosen_18,Senin,13:30,1.0
dosen_18,Senin,15:30,0.0
dosen_19,Jumat,08:00,0.0
dosen_19,Jumat,09:30,0.0
dosen_19,Jumat,13:30,1.0
dosen_19,Jumat,15:30,1.0
dosen_19,Kamis,08:00,0.0
dosen_19,Kamis,09:30,1.0
dosen_19,Kamis,13:30,0.0
dosen_19,Kamis,15:30,1.0
dosen_19,Rabu,08:00,0.0
dosen_19,Rabu,09:30,0.0
dosen_19,Rabu,13:30,1.0
dosen_19,Rabu,15:30,0.0
dosen_19,Selasa,08:00,0.0
dosen_19,Selasa,09:30,0.0
dosen_19,Selasa,13:30,0.0
dosen_19,Selasa,15:30,1.0
dosen_19,Senin,08:00,0.0
dosen_19,Senin,09:30,1.0
dosen_19,Senin,13:30,0.0
dosen_19,Senin,15:30,0.0
dosen_20,Jumat,08:00,0.0
dosen_20,Jumat,09:30,0.0
dosen_20,Jumat,13:30,1.0
dosen_20,Jumat,15:30,0.0
dosen_20,Kamis,08:00,0.0
dosen_20,Kamis,09:30,0.0
dosen_20,Kamis,13:30,0.0
dosen_20,Kamis,15:30,1.0
dosen_20,Rabu,08:00,0.0
dosen_20,Rabu,09:30,0.0
dosen_20,Rabu,13:30,0.0
dosen_20,Rabu,15:30,0.0
dosen_20,Selasa,08:00,0.0
dosen_20,Selasa,09:30,0.0
dosen_20,Selasa,13:30,1.0
dosen_20,Selasa,15:30,0.0
dosen_20,Senin,08:00,0.0
dosen_20,Senin,09:30,1.0
dosen_20,Senin,13:30,0.0
dosen_20,Senin,15:30,0.0
dosen_21,Jumat,08:00,0.0
dosen_21,Jumat,09:30,0.0
dosen_21,Jumat,13:30,0.0
dosen_21,Jumat,15:30,0.0
dosen_21,Kamis,08:00,0.0
dosen_21,Kamis,09:30,0.0
dosen_21,Kamis,13:30,1.0
dosen_21,Kamis,15:30,1.0
dosen_21,Rabu,08:00,0.0
dosen_21,Rabu,09:30,1.0
dosen_21,Rabu,13:30,0.0
dosen_21,Rabu,15:30,0.0
dosen_21,Selasa,08:00,0.0
dosen_21,Selasa,09:30,0.0
dosen_21,Selasa,13:30,0.0
dosen_21,Selasa,15:30,0.0
dosen_21,Senin,08:00,0.0
dosen_21,Senin,09:30,1.0
dosen_21,Senin,13:30,1.0
dosen_21,Senin,15:30,1.0
dosen_22,Jumat,08:00,0.0
dosen_22,Jumat,09:30,1.0
dosen_22,Jumat,13:30,1.0
dosen_22,Jumat,15:30,0.0
dosen_22,Kamis,08:00,0.0
dosen_22,Kamis,09:30,0.0
dosen_22,Kamis,13:30,0.0
dosen_22,Kamis,15:30,0.0
dosen_22,Rabu,08:00,0.0
dosen_22,Rabu,09:30,0.0
dosen_22,Rabu,13:30,1.0
dosen_22,Rabu,15:30,0.0
dosen_22,Selasa,08:00,0.0
dosen_22,Selasa,09:30,0.0
dosen_22,Selasa,13:30,0.0
dosen_22,Selasa,15:30,0.0
dosen_22,Senin,08:00,0.0
dosen_22,Senin,09:30,1.0
dosen_22,Senin,13:30,1.0
dosen_22,Senin,15:30,0.0
dosen_23,Jumat,08:00,0.0
dosen_23,Jumat,09:30,0.0
dosen_23,Jumat,13:30,0.0
dosen_23,Jumat,15:30,0.0
dosen_23,Kamis,08:00,0.0
dosen_23,Kamis,09:30,0.0
dosen_23,Kamis,13:30,0.0
dosen_23,Kamis,15:30,0.0
dosen_23,Rabu,08:00,0.0
dosen_23,Rabu,09:30,1.0
dosen_23,Rabu,13:30,1.0
dosen_23,Rabu,15:30,0.0
dosen_23,Selasa,08:00,0.0
dosen_23,Selasa,09:30,0.0
dosen_23,Selasa,13:30,1.0
dosen_23,Selasa,15:30,1.0
dosen_23,Senin,08:00,0.0
dosen_23,Senin,09:30,0.0
dosen_23,Senin,13:30,1.0
dosen_23,Senin,15:30,1.0
dosen_24,Jumat,08:00,0.0
dosen_24,Jumat,09:30,1.0
dosen_24,Jumat,13:30,1.0
dosen_24,Jumat,15:30,0.0
dosen_24,Kamis,08:00,0.0
dosen_24,Kamis,09:30,1.0
dosen_24,Kamis,13:30,1.0
dosen_24,Kamis,15:30,0.0
dosen_24,Rabu,08:00,0.0
dosen_24,Rabu,09:30,1.0
dosen_24,Rabu,13:30,0.0
dosen_24,Rabu,15:30,0.0
dosen_24,Selasa,08:00,0.0
dosen_24,Selasa,09:30,1.0
dosen_24,Selasa,13:30,1.0
dosen_24,Selasa,15:30,0.0
dosen_24,Senin,08:00,0.0
dosen_24,Senin,09:30,0.0
dosen_24,Senin,13:30,0.0
dosen_24,Senin,15:30,0.0
dosen_25,Jumat,08:00,0.0
dosen_25,Jumat,09:30,0.0
dosen_25,Jumat,13:30,0.0
dosen_25,Jumat,15:30,0.0
dosen_25,Kamis,08:00,0.0
dosen_25,Kamis,09:30,1.0
dosen_25,Kamis,13:30,1.0
dosen_25,Kamis,15:30,0.0
dosen_25,Rabu,08:00,0.0
dosen_25,Rabu,09:30,1.0
dosen_25,Rabu,13:30,1.0
dosen_25,Rabu,15:30,0.0
dosen_25,Selasa,08:00,0.0
dosen_25,Selasa,09:30,0.0
dosen_25,Selasa,13:30,0.0
dosen_25,Selasa,15:30,0.0
dosen_25,Senin,08:00,0.0
dosen_25,Senin,09:30,1.0
dosen_25,Senin,13:30,0.0
dosen_25,Senin,15:30,1.0
dosen_26,Jumat,08:00,0.0
dosen_26,Jumat,09:30,1.0
dosen_26,Jumat,13:30,0.0
dosen_26,Jumat,15:30,0.0
dosen_26,Kamis,08:00,0.0
dosen_26,Kamis,09:30,0.0
dosen_26,Kamis,13:30,1.0
dosen_26,Kamis,15:30,1.0
dosen_26,Rabu,08:00,0.0
dosen_26,Rabu,09:30,0.0
dosen_26,Rabu,13:30,0.0
dosen_26,Rabu,15:30,0.0
dosen_26,Selasa,08:00,0.0
dosen_26,Selasa,09:30,1.0
dosen_26,Selasa,13:30,0.0
dosen_26,Selasa,15:30,1.0
dosen_26,Senin,08:00,0.0
dosen_26,Senin,09:30,0.0
dosen_26,Senin,13:30,0.0
dosen_26,Senin,15:30,0.0
dosen_27,Jumat,08:00,0.0
dosen_27,Jumat,09:30,0.0
dosen_27,Jumat,13:30,1.0
dosen_27,Jumat,15:30,0.0
dosen_27,Kamis,08:00,0.0
dosen_27,Kamis,09:30,0.0
dosen_27,Kamis,13:30,0.0
dosen_27,Kamis,15:30,1.0
dosen_27,Rabu,08:00,0.0
dosen_27,Rabu,09:30,0.0
dosen_27,Rabu,13:30,0.0
dosen_27,Rabu,15:30,1.0
dosen_27,Selasa,08:00,0.0
dosen_27,Selasa,09:30,0.0
dosen_27,Selasa,13:30,0.0
dosen_27,Selasa,15:30,0.0
dosen_27,Senin,08:00,0.0
dosen_27,Senin,09:30,0.0
dosen_27,Senin,13:30,0.0
dosen_27,Senin,15:30,0.0
dosen_28,Jumat,08:00,0.0
dosen_28,Jumat,09:30,0.0
dosen_28,Jumat,13:30,0.0
dosen_28,Jumat,15:30,0.0
dosen_28,Kamis,08:00,0.0
dosen_28,Kamis,09:30,0.0
dosen_28,Kamis,13:30,1.0
dosen_28,Kamis,15:30,1.0
dosen_28,Rabu,08:00,0.0
dosen_28,Rabu,09:30,0.0
dosen_28,Rabu,13:30,0.0
dosen_28,Rabu,15:30,0.0
dosen_28,Selasa,08:00,0.0
dosen_28,Selasa,09:30,0.0
dosen_28,Selasa,13:30,1.0
dosen_28,Selasa,15:30,1.0
dosen_28,Senin,08:00,0.0
dosen_28,Senin,09:30,1.0
dosen_28,Senin,13:30,0.0
dosen_28,Senin,15:30,1.0
dosen_29,Jumat,08:00,0.0
dosen_29,Jumat,09:30,0.0
dosen_29,Jumat,13:30,0.0
dosen_29,Jumat,15:30,0.0
dosen_29,Kamis,08:00,0.0
dosen_29,Kamis,09:30,0.0
dosen_29,Kamis,13:30,0.0
dosen_29,Kamis,15:30,1.0
dosen_29,Rabu,08:00,0.0
dosen_29,Rabu,09:30,0.0
dosen_29,Rabu,13:30,0.0
dosen_29,Rabu,15:30,1.0
dosen_29,Selasa,08:00,0.0
dosen_29,Selasa,09:30,0.0
dosen_29,Selasa,13:30,1.0
dosen_29,Selasa,15:30,0.0
dosen_29,Senin,08:00,0.0
dosen_29,Senin,09:30,1.0
dosen_29,Senin,13:30,0.0
dosen_29,Senin,15:30,1.0
dosen_30,Jumat,08:00,0.0
dosen_30,Jumat,09:30,0.0
dosen_30,Jumat,13:30,0.0
dosen_30,Jumat,15:30,0.0
dosen_30,Kamis,08:00,0.0
dosen_30,Kamis,09:30,0.0
dosen_30,Kamis,13:30,0.0
dosen_30,Kamis,15:30,1.0
dosen_30,Rabu,08:00,0.0
dosen_30,Rabu,09:30,0.0
dosen_30,Rabu,13:30,0.0
dosen_30,Rabu,15:30,1.0
dosen_30,Selasa,08:00,0.0
dosen_30,Selasa,09:30,0.0
dosen_30,Selasa,13:30,1.0
dosen_30,Selasa,15:30,0.0
dosen_30,Senin,08:00,0.0
dosen_30,Senin,09:30,1.0
dosen_30,Senin,13:30,0.0
dosen_30,Senin,15:30,1.0
dosen_31,Jumat,08:00,0.0
dosen_31,Jumat,09:30,0.0
dosen_31,Jumat,13:30,0.0
dosen_31,Jumat,15:30,0.0
dosen_31,Kamis,08:00,0.0
dosen_31,Kamis,09:30,1.0
dosen_31,Kamis,13:30,1.0
dosen_31,Kamis,15:30,1.0
dosen_31,Rabu,08:00,0.0
dosen_31,Rabu,09:30,1.0
dosen_31,Rabu,13:30,1.0
dosen_31,Rabu,15:30,1.0
dosen_31,Selasa,08:00,0.0
dosen_31,Selasa,09:30,1.0
dosen_31,Selasa,13:30,1.0
dosen_31,Selasa,15:30,1.0
dosen_31,Senin,08:00,0.0
dosen_31,Senin,09:30,0.0
dosen_31,Senin,13:30,0.0
dosen_31,Senin,15:30,0.0
dosen_32,Jumat,08:00,0.0
dosen_32,Jumat,09:30,0.0
dosen_32,Jumat,13:30,1.0
dosen_32,Jumat,15:30,1.0
dosen_32,Kamis,08:00,0.0
dosen_32,Kamis,09:30,0.0
dosen_32,Kamis,13:30,1.0
dosen_32,Kamis,15:30,1.0
dosen_32,Rabu,08:00,0.0
dosen_32,Rabu,09:30,0.0
dosen_32,Rabu,13:30,0.0
dosen_32,Rabu,15:30,0.0
dosen_32,Selasa,08:00,0.0
dosen_32,Selasa,09:30,0.0
dosen_32,Selasa,13:30,1.0
dosen_32,Selasa,15:30,1.0
dosen_32,Senin,08:00,0.0
dosen_32,Senin,09:30,1.0
dosen_32,Senin,13:30,0.0
dosen_32,Senin,15:30,1.0
dosen_33,Jumat,08:00,0.0
dosen_33,Jumat,09:30,0.0
dosen_33,Jumat,13:30,1.0
dosen_33,Jumat,15:30,1.0
dosen_33,Kamis,08:00,0.0
dosen_33,Kamis,09:30,0.0
dosen_33,Kamis,13:30,1.0
dosen_33,Kamis,15:30,1.0
dosen_33,Rabu,08:00,0.0
dosen_33,Rabu,09:30,0.0
dosen_33,Rabu,13:30,0.0
dosen_33,Rabu,15:30,0.0
dosen_33,Selasa,08:00,0.0
dosen_33,Selasa,09:30,0.0
dosen_33,Selasa,13:30,0.0
dosen_33,Selasa,15:30,0.0
dosen_33,Senin,08:00,0.0
dosen_33,Senin,09:30,1.0
dosen_33,Senin,13:30,1.0
dosen_33,Senin,15:30,1.0
dosen_34,Jumat,08:00,0.0
dosen_34,Jumat,09:30,1.0
dosen_34,Jumat,13:30,1.0
dosen_34,Jumat,15:30,1.0
dosen_34,Kamis,08:00,0.0
dosen_34,Kamis,09:30,1.0
dosen_34,Kamis,13:30,0.0
dosen_34,Kamis,15:30,0.0
dosen_34,Rabu,08:00,0.0
dosen_34,Rabu,09:30,1.0
dosen_34,Rabu,13:30,1.0
dosen_34,Rabu,15:30,0.0
dosen_34,Selasa,08:00,0.0
dosen_34,Selasa,09:30,1.0
dosen_34,Selasa,13:30,1.0
dosen_34,Selasa,15:30,1.0
dosen_34,Senin,08:00,0.0
dosen_34,Senin,09:30,0.0
dosen_34,Senin,13:30,0.0
dosen_34,Senin,15:30,0.0
dosen_35,Jumat,08:00,0.0
dosen_35,Jumat,09:30,0.0
dosen_35,Jumat,13:30,1.0
dosen_35,Jumat,15:30,1.0
dosen_35,Kamis,08:00,0.0
dosen_35,Kamis,09:30,1.0
dosen_35,Kamis,13:30,0.0
dosen_35,Kamis,15:30,1.0
dosen_35,Rabu,08:00,0.0
dosen_35,Rabu,09:30,0.0
dosen_35,Rabu,13:30,0.0
dosen_35,Rabu,15:30,1.0
dosen_35,Selasa,08:00,0.0
dosen_35,Selasa,09:30,0.0
dosen_35,Selasa,13:30,0.0
dosen_35,Selasa,15:30,1.0
dosen_35,Senin,08:00,0.0
dosen_35,Senin,09:30,0.0
dosen_35,Senin,13:30,0.0
dosen_35,Senin,15:30,0.0
dosen_36,Jumat,08:00,0.0
dosen_36,Jumat,09:30,0.0
dosen_36,Jumat,13:30,1.0
dosen_36,Jumat,15:30,1.0
dosen_36,Kamis,08:00,0.0
dosen_36,Kamis,09:30,0.0
dosen_36,Kamis,13:30,1.0
dosen_36,Kamis,15:30,0.0
dosen_36,Rabu,08:00,0.0
dosen_36,Rabu,09:30,0.0
dosen_36,Rabu,13:30,0.0
dosen_36,Rabu,15:30,0.0
dosen_36,Selasa,08:00,0.0
dosen_36,Selasa,09:30,0.0
dosen_36,Selasa,13:30,0.0
dosen_36,Selasa,15:30,1.0
dosen_36,Senin,08:00,0.0
dosen_36,Senin,09:30,0.0
dosen_36,Senin,13:30,1.0
dosen_36,Senin,15:30,1.0
dosen_37,Jumat,08:00,0.0
dosen_37,Jumat,09:30,0.0
dosen_37,Jumat,13:30,0.0
dosen_37,Jumat,15:30,0.0
dosen_37,Kamis,08:00,0.0
dosen_37,Kamis,09:30,1.0
dosen_37,Kamis,13:30,0.0
dosen_37,Kamis,15:30,0.0
dosen_37,Rabu,08:00,0.0
dosen_37,Rabu,09:30,1.0
dosen_37,Rabu,13:30,1.0
dosen_37,Rabu,15:30,0.0
dosen_37,Selasa,08:00,0.0
dosen_37,Selasa,09:30,1.0
dosen_37,Selasa,13:30,0.0
dosen_37,Selasa,15:30,1.0
dosen_37,Senin,08:00,0.0
dosen_37,Senin,09:30,1.0
dosen_37,Senin,13:30,0.0
dosen_37,Senin,15:30,0.0
dosen_38,Jumat,08:00,0.0
dosen_38,Jumat,09:30,0.0
dosen_38,Jumat,13:30,1.0
dosen_38,Jumat,15:30,1.0
dosen_38,Kamis,08:00,0.0
dosen_38,Kamis,09:30,1.0
dosen_38,Kamis,13:30,0.0
dosen_38,Kamis,15:30,0.0
dosen_38,Rabu,08:00,0.0
dosen_38,Rabu,09:30,1.0
dosen_38,Rabu,13:30,0.0
dosen_38,Rabu,15:30,1.0
dosen_38,Selasa,08:00,0.0
dosen_38,Selasa,09:30,0.0
dosen_38,Selasa,13:30,0.0
dosen_38,Selasa,15:30,1.0
dosen_38,Senin,08:00,0.0
dosen_38,Senin,09:30,0.0
dosen_38,Senin,13:30,0.0
dosen_38,Senin,15:30,0.0
dosen_39,Jumat,08:00,0.0
dosen_39,Jumat,09:30,1.0
dosen_39,Jumat,13:30,0.0
dosen_39,Jumat,15:30,0.0
dosen_39,Kamis,08:00,0.0
dosen_39,Kamis,09:30,0.0
dosen_39,Kamis,13:30,1.0
dosen_39,Kamis,15:30,1.0
dosen_39,Rabu,08:00,0.0
dosen_39,Rabu,09:30,0.0
dosen_39,Rabu,13:30,0.0
dosen_39,Rabu,15:30,0.0
dosen_39,Selasa,08:00,0.0
dosen_39,Selasa,09:30,0.0
dosen_39,Selasa,13:30,0.0
dosen_39,Selasa,15:30,1.0
dosen_39,Senin,08:00,0.0
dosen_39,Senin,09:30,1.0
dosen_39,Senin,13:30,0.0
dosen_39,Senin,15:30,0.0
dosen_40,Jumat,08:00,0.0
dosen_40,Jumat,09:30,1.0
dosen_40,Jumat,13:30,0.0
dosen_40,Jumat,15:30,1.0
dosen_40,Kamis,08:00,0.0
dosen_40,Kamis,09:30,0.0
dosen_40,Kamis,13:30,1.0
dosen_40,Kamis,15:30,1.0
dosen_40,Rabu,08:00,0.0
dosen_40,Rabu,09:30,1.0
dosen_40,Rabu,13:30,1.0
dosen_40,Rabu,15:30,0.0
dosen_40,Selasa,08:00,0.0
dosen_40,Selasa,09:30,0.0
dosen_40,Selasa,13:30,0.0
dosen_40,Selasa,15:30,0.0
dosen_40,Senin,08:00,0.0
dosen_40,Senin,09:30,0.0
dosen_40,Senin,13:30,0.0
dosen_40,Senin,15:30,0.0
dosen_41,Jumat,08:00,0.0
dosen_41,Jumat,09:30,0.0
dosen_41,Jumat,13:30,0.0
dosen_41,Jumat,15:30,0.0
dosen_41,Kamis,08:00,0.0
dosen_41,Kamis,09:30,1.0
dosen_41,Kamis,13:30,0.0
dosen_41,Kamis,15:30,0.0
dosen_41,Rabu,08:00,0.0
dosen_41,Rabu,09:30,1.0
dosen_41,Rabu,13:30,1.0
dosen_41,Rabu,15:30,0.0
dosen_41,Selasa,08:00,0.0
dosen_41,Selasa,09:30,0.0
dosen_41,Selasa,13:30,1.0
dosen_41,Selasa,15:30,1.0
dosen_41,Senin,08:00,0.0
dosen_41,Senin,09:30,0.0
dosen_41,Senin,13:30,1.0
dosen_41,Senin,15:30,1.0
dosen_42,Jumat,08:00,0.0
dosen_42,Jumat,09:30,1.0
dosen_42,Jumat,13:30,1.0
dosen_42,Jumat,15:30,0.0
dosen_42,Kamis,08:00,0.0
dosen_42,Kamis,09:30,1.0
dosen_42,Kamis,13:30,0.0
dosen_42,Kamis,15:30,0.0
dosen_42,Rabu,08:00,0.0
dosen_42,Rabu,09:30,0.0
dosen_42,Rabu,13:30,1.0
dosen_42,Rabu,15:30,1.0
dosen_42,Selasa,08:00,0.0
dosen_42,Selasa,09:30,0.0
dosen_42,Selasa,13:30,0.0
dosen_42,Selasa,15:30,0.0
dosen_42,Senin,08:00,0.0
dosen_42,Senin,09:30,1.0
dosen_42,Senin,13:30,0.0
dosen_42,Senin,15:30,0.0
dosen_43,Jumat,08:00,0.0
dosen_43,Jumat,09:30,1.0
dosen_43,Jumat,13:30,1.0
dosen_43,Jumat,15:30,0.0
dosen_43,Kamis,08:00,0.0
dosen_43,Kamis,09:30,0.0
dosen_43,Kamis,13:30,1.0
dosen_43,Kamis,15:30,1.0
dosen_43,Rabu,08:00,0.0
dosen_43,Rabu,09:30,0.0
dosen_43,Rabu,13:30,0.0
dosen_43,Rabu,15:30,0.0
dosen_43,Selasa,08:00,0.0
dosen_43,Selasa,09:30,1.0
dosen_43,Selasa,13:30,0.0
dosen_43,Selasa,15:30,1.0
dosen_43,Senin,08:00,0.0
dosen_43,Senin,09:30,0.0
dosen_43,Senin,13:30,1.0
dosen_43,Senin,15:30,1.0
dosen_44,Jumat,08:00,0.0
dosen_44,Jumat,09:30,0.0
dosen_44,Jumat,13:30,0.0
dosen_44,Jumat,15:30,0.0
dosen_44,Kamis,08:00,0.0
dosen_44,Kamis,09:30,0.0
dosen_44,Kamis,13:30,1.0
dosen_44,Kamis,15:30,1.0
dosen_44,Rabu,08:00,0.0
dosen_44,Rabu,09:30,1.0
dosen_44,Rabu,13:30,1.0
dosen_44,Rabu,15:30,1.0
dosen_44,Selasa,08:00,0.0
dosen_44,Selasa,09:30,0.0
dosen_44,Selasa,13:30,1.0
dosen_44,Selasa,15:30,1.0
dosen_44,Senin,08:00,0.0
dosen_44,Senin,09:30,1.0
dosen_44,Senin,13:30,0.0
dosen_44,Senin,15:30,1.0
dosen_45,Jumat,08:00,0.0
dosen_45,Jumat,09:30,1.0
dosen_45,Jumat,13:30,0.0
dosen_45,Jumat,15:30,0.0
dosen_45,Kamis,08:00,0.0
dosen_45,Kamis,09:30,1.0
dosen_45,Kamis,13:30,0.0
dosen_45,Kamis,15:30,1.0
dosen_45,Rabu,08:00,0.0
dosen_45,Rabu,09:30,1.0
dosen_45,Rabu,13:30,1.0
dosen_45,Rabu,15:30,1.0
dosen_45,Selasa,08:00,0.0
dosen_45,Selasa,09:30,0.0
dosen_45,Selasa,13:30,0.0
dosen_45,Selasa,15:30,0.0
dosen_45,Senin,08:00,0.0
dosen_45,Senin,09:30,0.0
dosen_45,Senin,13:30,0.0
dosen_45,Senin,15:30,0.0
dosen_46,Jumat,08:00,0.0
dosen_46,Jumat,09:30,0.0
dosen_46,Jumat,13:30,0.0
dosen_46,Jumat,15:30,1.0
dosen_46,Kamis,08:00,0.0
dosen_46,Kamis,09:30,0.0
dosen_46,Kamis,13:30,1.0
dosen_46,Kamis,15:30,0.0
dosen_46,Rabu,08:00,0.0
dosen_46,Rabu,09:30,0.0
dosen_46,Rabu,13:30,0.0
dosen_46,Rabu,15:30,0.0
dosen_46,Selasa,08:00,0.0
dosen_46,Selasa,09:30,1.0
dosen_46,Selasa,13:30,0.0
dosen_46,Selasa,15:30,0.0
dosen_46,Senin,08:00,0.0
dosen_46,Senin,09:30,1.0
dosen_46,Senin,13:30,1.0
dosen_46,Senin,15:30,0.0
dosen_47,Jumat,08:00,0.0
dosen_47,Jumat,09:30,1.0
dosen_47,Jumat,13:30,0.0
dosen_47,Jumat,15:30,0.0
dosen_47,Kamis,08:00,0.0
dosen_47,Kamis,09:30,0.0
dosen_47,Kamis,13:30,0.0
dosen_47,Kamis,15:30,1.0
dosen_47,Rabu,08:00,0.0
dosen_47,Rabu,09:30,1.0
dosen_47,Rabu,13:30,1.0
dosen_47,Rabu,15:30,1.0
dosen_47,Selasa,08:00,0.0
dosen_47,Selasa,09:30,0.0
dosen_47,Selasa,13:30,0.0
dosen_47,Selasa,15:30,1.0
dosen_47,Senin,08:00,0.0
dosen_47,Senin,09:30,1.0
dosen_47,Senin,13:30,1.0
dosen_47,Senin,15:30,0.0
dosen_48,Jumat,08:00,0.0
dosen_48,Jumat,09:30,0.0
dosen_48,Jumat,13:30,1.0
dosen_48,Jumat,15:30,1.0
dosen_48,Kamis,08:00,0.0
dosen_48,Kamis,09:30,0.0
dosen_48,Kamis,13:30,0.0
dosen_48,Kamis,15:30,0.0
dosen_48,Rabu,08:00,0.0
dosen_48,Rabu,09:30,1.0
dosen_48,Rabu,13:30,1.0
dosen_48,Rabu,15:30,0.0
dosen_48,Selasa,08:00,0.0
dosen_48,Selasa,09:30,1.0
dosen_48,Selasa,13:30,1.0
dosen_48,Selasa,15:30,0.0
dosen_48,Senin,08:00,0.0
dosen_48,Senin,09:30,1.0
dosen_48,Senin,13:30,1.0
dosen_48,Senin,15:30,1.0
dosen_49,Jumat,08:00,0.0
dosen_49,Jumat,09:30,0.0
dosen_49,Jumat,13:30,0.0
dosen_49,Jumat,15:30,0.0
dosen_49,Kamis,08:00,0.0
dosen_49,Kamis,09:30,1.0
dosen_49,Kamis,13:30,1.0
dosen_49,Kamis,15:30,0.0
dosen_49,Rabu,08:00,0.0
dosen_49,Rabu,09:30,1.0
dosen_49,Rabu,13:30,0.0
dosen_49,Rabu,15:30,1.0
dosen_49,Selasa,08:00,0.0
dosen_49,Selasa,09:30,1.0
dosen_49,Selasa,13:30,1.0
dosen_49,Selasa,15:30,0.0
dosen_49,Senin,08:00,0.0
dosen_49,Senin,09:30,0.0
dosen_49,Senin,13:30,1.0
dosen_49,Senin,15:30,1.0
dosen_50,Jumat,08:00,0.0
dosen_50,Jumat,09:30,1.0
dosen_50,Jumat,13:30,1.0
dosen_50,Jumat,15:30,0.0
dosen_50,Kamis,08:00,0.0
dosen_50,Kamis,09:30,0.0
dosen_50,Kamis,13:30,0.0
dosen_50,Kamis,15:30,0.0
dosen_50,Rabu,08:00,0.0
dosen_50,Rabu,09:30,0.0
dosen_50,Rabu,13:30,0.0
dosen_50,Rabu,15:30,1.0
dosen_50,Selasa,08:00,0.0
dosen_50,Selasa,09:30,1.0
dosen_50,Selasa,13:30,1.0
dosen_50,Selasa,15:30,1.0
dosen_50,Senin,08:00,0.0
dosen_50,Senin,09:30,1.0
dosen_50,Senin,13:30,1.0
dosen_50,Senin,15:30,0.0
dosen_51,Jumat,08:00,0.0
dosen_51,Jumat,09:30,1.0
dosen_51,Jumat,13:30,1.0
dosen_51,Jumat,15:30,0.0
dosen_51,Kamis,08:00,0.0
dosen_51,Kamis,09:30,1.0
dosen_51,Kamis,13:30,1.0
dosen_51,Kamis,15:30,0.0
dosen_51,Rabu,08:00,0.0
dosen_51,Rabu,09:30,1.0
dosen_51,Rabu,13:30,1.0
dosen_51,Rabu,15:30,1.0
dosen_51,Selasa,08:00,0.0
dosen_51,Selasa,09:30,1.0
dosen_51,Selasa,13:30,1.0
dosen_51,Selasa,15:30,0.0
dosen_51,Senin,08:00,0.0
dosen_51,Senin,09:30,0.0
dosen_51,Senin,13:30,0.0
dosen_51,Senin,15:30,0.0
dosen_52,Jumat,08:00,0.0
dosen_52,Jumat,09:30,1.0
dosen_52,Jumat,13:30,0.0
dosen_52,Jumat,15:30,0.0
dosen_52,Kamis,08:00,0.0
dosen_52,Kamis,09:30,1.0
dosen_52,Kamis,13:30,0.0
dosen_52,Kamis,15:30,0.0
dosen_52,Rabu,08:00,0.0
dosen_52,Rabu,09:30,1.0
dosen_52,Rabu,13:30,0.0
dosen_52,Rabu,15:30,1.0
dosen_52,Selasa,08:00,0.0
dosen_52,Selasa,09:30,1.0
dosen_52,Selasa,13:30,1.0
dosen_52,Selasa,15:30,0.0
dosen_52,Senin,08:00,0.0
dosen_52,Senin,09:30,0.0
dosen_52,Senin,13:30,0.0
dosen_52,Senin,15:30,1.0
dosen_53,Jumat,08:00,0.0
dosen_53,Jumat,09:30,1.0
dosen_53,Jumat,13:30,1.0
dosen_53,Jumat,15:30,0.0
dosen_53,Kamis,08:00,0.0
dosen_53,Kamis,09:30,1.0
dosen_53,Kamis,13:30,0.0
dosen_53,Kamis,15:30,1.0
dosen_53,Rabu,08:00,0.0
dosen_53,Rabu,09:30,0.0
dosen_53,Rabu,13:30,0.0
dosen_53,Rabu,15:30,0.0
dosen_53,Selasa,08:00,0.0
dosen_53,Selasa,09:30,1.0
dosen_53,Selasa,13:30,1.0
dosen_53,Selasa,15:30,0.0
dosen_53,Senin,08:00,0.0
dosen_53,Senin,09:30,0.0
dosen_53,Senin,13:30,0.0
dosen_53,Senin,15:30,0.0
dosen_54,Jumat,08:00,0.0
dosen_54,Jumat,09:30,0.0
dosen_54,Jumat,13:30,1.0
dosen_54,Jumat,15:30,1.0
dosen_54,Kamis,08:00,0.0
dosen_54,Kamis,09:30,1.0
dosen_54,Kamis,13:30,0.0
dosen_54,Kamis,15:30,0.0
dosen_54,Rabu,08:00,0.0
dosen_54,Rabu,09:30,0.0
dosen_54,Rabu,13:30,0.0
dosen_54,Rabu,15:30,0.0
dosen_54,Selasa,08:00,0.0
dosen_54,Selasa,09:30,1.0
dosen_54,Selasa,13:30,1.0
dosen_54,Selasa,15:30,0.0
dosen_54,Senin,08:00,0.0
dosen_54,Senin,09:30,1.0
dosen_54,Senin,13:30,1.0
dosen_54,Senin,15:30,1.0
dosen_55,Jumat,08:00,0.0
dosen_55,Jumat,09:30,0.0
dosen_55,Jumat,13:30,0.0
dosen_55,Jumat,15:30,0.0
dosen_55,Kamis,08:00,0.0
dosen_55,Kamis,09:30,0.0
dosen_55,Kamis,13:30,1.0
dosen_55,Kamis,15:30,1.0
dosen_55,Rabu,08:00,0.0
dosen_55,Rabu,09:30,0.0
dosen_55,Rabu,13:30,1.0
dosen_55,Rabu,15:30,1.0
dosen_55,Selasa,08:00,0.0
dosen_55,Selasa,09:30,0.0
dosen_55,Selasa,13:30,0.0
dosen_55,Selasa,15:30,0.0
dosen_55,Senin,08:00,0.0
dosen_55,Senin,09:30,0.0
dosen_55,Senin,13:30,1.0
dosen_55,Senin,15:30,0.0
dosen_56,Jumat,08:00,0.0
dosen_56,Jumat,09:30,1.0
dosen_56,Jumat,13:30,0.0
dosen_56,Jumat,15:30,1.0
dosen_56,Kamis,08:00,0.0
dosen_56,Kamis,09:30,0.0
dosen_56,Kamis,13:30,0.0
dosen_56,Kamis,15:30,0.0
dosen_56,Rabu,08:00,0.0
dosen_56,Rabu,09:30,0.0
dosen_56,Rabu,13:30,0.0
dosen_56,Rabu,15:30,0.0
dosen_56,Selasa,08:00,0.0
dosen_56,Selasa,09:30,1.0
dosen_56,Selasa,13:30,1.0
dosen_56,Selasa,15:30,0.0
dosen_56,Senin,08:00,0.0
dosen_56,Senin,09:30,1.0
dosen_56,Senin,13:30,1.0
dosen_56,Senin,15:30,1.0
dosen_57,Jumat,08:00,0.0
dosen_57,Jumat,09:30,0.0
dosen_57,Jumat,13:30,1.0
dosen_57,Jumat,15:30,1.0
dosen_57,Kamis,08:00,0.0
dosen_57,Kamis,09:30,0.0
dosen_57,Kamis,13:30,0.0
dosen_57,Kamis,15:30,0.0
dosen_57,Rabu,08:00,0.0
dosen_57,Rabu,09:30,0.0
dosen_57,Rabu,13:30,1.0
dosen_57,Rabu,15:30,1.0
dosen_57,Selasa,08:00,0.0
dosen_57,Selasa,09:30,0.0
dosen_57,Selasa,13:30,0.0
dosen_57,Selasa,15:30,0.0
dosen_57,Senin,08:00,0.0
dosen_57,Senin,09:30,0.0
dosen_57,Senin,13:30,1.0
dosen_57,Senin,15:30,1.0
dosen_58,Jumat,08:00,0.0
dosen_58,Jumat,09:30,1.0
dosen_58,Jumat,13:30,0.0
dosen_58,Jumat,15:30,1.0
dosen_58,Kamis,08:00,0.0
dosen_58,Kamis,09:30,1.0
dosen_58,Kamis,13:30,1.0
dosen_58,Kamis,15:30,0.0
dosen_58,Rabu,08:00,0.0
dosen_58,Rabu,09:30,1.0
dosen_58,Rabu,13:30,1.0
dosen_58,Rabu,15:30,0.0
dosen_58,Selasa,08:00,0.0
dosen_58,Selasa,09:30,0.0
dosen_58,Selasa,13:30,0.0
dosen_58,Selasa,15:30,0.0
dosen_58,Senin,08:00,0.0
dosen_58,Senin,09:30,1.0
dosen_58,Senin,13:30,0.0
dosen_58,Senin,15:30,1.0
dosen_59,Jumat,08:00,0.0
dosen_59,Jumat,09:30,1.0
dosen_59,Jumat,13:30,0.0
dosen_59,Jumat,15:30,1.0
dosen_59,Kamis,08:00,0.0
dosen_59,Kamis,09:30,0.0
dosen_59,Kamis,13:30,0.0
dosen_59,Kamis,15:30,0.0
dosen_59,Rabu,08:00,0.0
dosen_59,Rabu,09:30,1.0
dosen_59,Rabu,13:30,1.0
dosen_59,Rabu,15:30,0.0
dosen_59,Selasa,08:00,0.0
dosen_59,Selasa,09:30,1.0
dosen_59,Selasa,13:30,1.0
dosen_59,Selasa,15:30,0.0
dosen_59,Senin,08:00,0.0
dosen_59,Senin,09:30,1.0
dosen_59,Senin,13:30,1.0
dosen_59,Senin,15:30,1.0
dosen_60,Jumat,08:00,0.0
dosen_60,Jumat,09:30,1.0
dosen_60,Jumat,13:30,0.0
dosen_60,Jumat,15:30,1.0
dosen_60,Kamis,08:00,0.0
dosen_60,Kamis,09:30,1.0
dosen_60,Kamis,13:30,1.0
dosen_60,Kamis,15:30,0.0
dosen_60,Rabu,08:00,0.0
dosen_60,Rabu,09:30,1.0
dosen_60,Rabu,13:30,1.0
dosen_60,Rabu,15:30,0.0
dosen_60,Selasa,08:00,0.0
dosen_60,Selasa,09:30,0.0
dosen_60,Selasa,13:30,0.0
dosen_60,Selasa,15:30,0.0
dosen_60,Senin,08:00,0.0
dosen_60,Senin,09:30,1.0
dosen_60,Senin,13:30,0.0
dosen_60,Senin,15:30,1.0
dosen_61,Jumat,08:00,0.0
dosen_61,Jumat,09:30,0.0
dosen_61,Jumat,13:30,1.0
dosen_61,Jumat,15:30,1.0
dosen_61,Kamis,08:00,0.0
dosen_61,Kamis,09:30,0.0
dosen_61,Kamis,13:30,0.0
dosen_61,Kamis,15:30,0.0
dosen_61,Rabu,08:00,0.0
dosen_61,Rabu,09:30,0.0
dosen_61,Rabu,13:30,1.0
dosen_61,Rabu,15:30,1.0
dosen_61,Selasa,08:00,0.0
dosen_61,Selasa,09:30,0.0
dosen_61,Selasa,13:30,0.0
dosen_61,Selasa,15:30,1.0
dosen_61,Senin,08:00,0.0
dosen_61,Senin,09:30,1.0
dosen_61,Senin,13:30,1.0
dosen_61,Senin,15:30,0.0
dosen_62,Jumat,08:00,0.0
dosen_62,Jumat,09:30,0.0
dosen_62,Jumat,13:30,0.0
dosen_62,Jumat,15:30,0.0
dosen_62,Kamis,08:00,0.0
dosen_62,Kamis,09:30,0.0
dosen_62,Kamis,13:30,1.0
dosen_62,Kamis,15:30,0.0
dosen_62,Rabu,08:00,0.0
dosen_62,Rabu,09:30,0.0
dosen_62,Rabu,13:30,0.0
dosen_62,Rabu,15:30,1.0
dosen_62,Selasa,08:00,0.0
dosen_62,Selasa,09:30,1.0
dosen_62,Selasa,13:30,0.0
dosen_62,Selasa,15:30,1.0
dosen_62,Senin,08:00,0.0
dosen_62,Senin,09:30,1.0
dosen_62,Senin,13:30,1.0
dosen_62,Senin,15:30,0.0
dosen_63,Jumat,08:00,0.0
dosen_63,Jumat,09:30,0.0
dosen_63,Jumat,13:30,1.0
dosen_63,Jumat,15:30,1.0
dosen_63,Kamis,08:00,0.0
dosen_63,Kamis,09:30,0.0
dosen_63,Kamis,13:30,0.0
dosen_63,Kamis,15:30,0.0
dosen_63,Rabu,08:00,0.0
dosen_63,Rabu,09:30,1.0
dosen_63,Rabu,13:30,0.0
dosen_63,Rabu,15:30,0.0
dosen_63,Selasa,08:00,0.0
dosen_63,Selasa,09:30,0.0
dosen_63,Selasa,13:30,1.0
dosen_63,Selasa,15:30,1.0
dosen_63,Senin,08:00,0.0
dosen_63,Senin,09:30,0.0
dosen_63,Senin,13:30,0.0
dosen_63,Senin,15:30,1.0
dosen_64,Jumat,08:00,0.0
dosen_64,Jumat,09:30,1.0
dosen_64,Jumat,13:30,0.0
dosen_64,Jumat,15:30,1.0
dosen_64,Kamis,08:00,0.0
dosen_64,Kamis,09:30,0.0
dosen_64,Kamis,13:30,0.0
dosen_64,Kamis,15:30,0.0
dosen_64,Rabu,08:00,0.0
dosen_64,Rabu,09:30,1.0
dosen_64,Rabu,13:30,1.0
dosen_64,Rabu,15:30,0.0
dosen_64,Selasa,08:00,0.0
dosen_64,Selasa,09:30,1.0
dosen_64,Selasa,13:30,1.0
dosen_64,Selasa,15:30,0.0
dosen_64,Senin,08:00,0.0
dosen_64,Senin,09:30,1.0
dosen_64,Senin,13:30,1.0
dosen_64,Senin,15:30,0.0
dosen_65,Jumat,08:00,0.0
dosen_65,Jumat,09:30,1.0
dosen_65,Jumat,13:30,1.0
dosen_65,Jumat,15:30,0.0
dosen_65,Kamis,08:00,0.0
dosen_65,Kamis,09:30,0.0
dosen_65,Kamis,13:30,1.0
dosen_65,Kamis,15:30,1.0
dosen_65,Rabu,08:00,0.0
dosen_65,Rabu,09:30,0.0
dosen_65,Rabu,13:30,0.0
dosen_65,Rabu,15:30,0.0
dosen_65,Selasa,08:00,0.0
dosen_65,Selasa,09:30,1.0
dosen_65,Selasa,13:30,0.0
dosen_65,Selasa,15:30,0.0
dosen_65,Senin,08:00,0.0
dosen_65,Senin,09:30,1.0
dosen_65,Senin,13:30,0.0
dosen_65,Senin,15:30,1.0
dosen_66,Jumat,08:00,0.0
dosen_66,Jumat,09:30,0.0
dosen_66,Jumat,13:30,0.0
dosen_66,Jumat,15:30,0.0
dosen_66,Kamis,08:00,0.0
dosen_66,Kamis,09:30,0.0
dosen_66,Kamis,13:30,1.0
dosen_66,Kamis,15:30,1.0
dosen_66,Rabu,08:00,0.0
dosen_66,Rabu,09:30,0.0
dosen_66,Rabu,13:30,1.0
dosen_66,Rabu,15:30,1.0
dosen_66,Selasa,08:00,0.0
dosen_66,Selasa,09:30,1.0
dosen_66,Selasa,13:30,0.0
dosen_66,Selasa,15:30,0.0
dosen_66,Senin,08:00,0.0
dosen_66,Senin,09:30,1.0
dosen_66,Senin,13:30,0.0
dosen_66,Senin,15:30,1.0
dosen_67,Jumat,08:00,0.0
dosen_67,Jumat,09:30,1.0
dosen_67,Jumat,13:30,1.0
dosen_67,Jumat,15:30,0.0
dosen_67,Kamis,08:00,0.0
dosen_67,Kamis,09:30,0.0
dosen_67,Kamis,13:30,1.0
dosen_67,Kamis,15:30,0.0
dosen_67,Rabu,08:00,0.0
dosen_67,Rabu,09:30,0.0
dosen_67,Rabu,13:30,1.0
dosen_67,Rabu,15:30,1.0
dosen_67,Selasa,08:00,0.0
dosen_67,Selasa,09:30,1.0
dosen_67,Selasa,13:30,1.0
dosen_67,Selasa,15:30,0.0
dosen_67,Senin,08:00,0.0
dosen_67,Senin,09:30,0.0
dosen_67,Senin,13:30,0.0
dosen_67,Senin,15:30,0.0
dosen_68,Jumat,08:00,0.0
dosen_68,Jumat,09:30,0.0
dosen_68,Jumat,13:30,0.0
dosen_68,Jumat,15:30,0.0
dosen_68,Kamis,08:00,0.0
dosen_68,Kamis,09:30,0.0
dosen_68,Kamis,13:30,1.0
dosen_68,Kamis,15:30,1.0
dosen_68,Rabu,08:00,0.0
dosen_68,Rabu,09:30,1.0
dosen_68,Rabu,13:30,1.0
dosen_68,Rabu,15:30,1.0
dosen_68,Selasa,08:00,0.0
dosen_68,Selasa,09:30,0.0
dosen_68,Selasa,13:30,1.0
dosen_68,Selasa,15:30,1.0
dosen_68,Senin,08:00,0.0
dosen_68,Senin,09:30,0.0
dosen_68,Senin,13:30,1.0
dosen_68,Senin,15:30,1.0
dosen_69,Jumat,08:00,0.0
dosen_69,Jumat,09:30,0.0
dosen_69,Jumat,13:30,0.0
dosen_69,Jumat,15:30,0.0
dosen_69,Kamis,08:00,0.0
dosen_69,Kamis,09:30,2.0
dosen_69,Kamis,13:30,0.0
dosen_69,Kamis,15:30,1.0
dosen_69,Rabu,08:00,0.0
dosen_69,Rabu,09:30,2.0
dosen_69,Rabu,13:30,0.0
dosen_69,Rabu,15:30,1.0
dosen_69,Selasa,08:00,0.0
dosen_69,Selasa,09:30,1.0
dosen_69,Selasa,13:30,1.0
dosen_69,Selasa,15:30,1.0
dosen_69,Senin,08:00,0.0
dosen_69,Senin,09:30,1.0
dosen_69,Senin,13:30,1.0
dosen_69,Senin,15:30,1.0
dosen_70,Jumat,08:00,0.0
dosen_70,Jumat,09:30,1.0
dosen_70,Jumat,13:30,1.0
dosen_70,Jumat,15:30,0.0
dosen_70,Kamis,08:00,0.0
dosen_70,Kamis,09:30,1.0
dosen_70,Kamis,13:30,1.0
dosen_70,Kamis,15:30,0.0
dosen_70,Rabu,08:00,0.0
dosen_70,Rabu,09:30,0.0
dosen_70,Rabu,13:30,0.0
dosen_70,Rabu,15:30,0.0
dosen_70,Selasa,08:00,0.0
dosen_70,Selasa,09:30,1.0
dosen_70,Selasa,13:30,1.0
dosen_70,Selasa,15:30,0.0
dosen_70,Senin,08:00,0.0
dosen_70,Senin,09:30,0.0
dosen_70,Senin,13:30,1.0
dosen_70,Senin,15:30,1.0
dosen_71,Jumat,08:00,0.0
dosen_71,Jumat,09:30,0.0
dosen_71,Jumat,13:30,0.0
dosen_71,Jumat,15:30,0.0
dosen_71,Kamis,08:00,0.0
dosen_71,Kamis,09:30,1.0
dosen_71,Kamis,13:30,1.0
dosen_71,Kamis,15:30,0.0
dosen_71,Rabu,08:00,0.0
dosen_71,Rabu,09:30,1.0
dosen_71,Rabu,13:30,0.0
dosen_71,Rabu,15:30,0.0
dosen_71,Selasa,08:00,0.0
dosen_71,Selasa,09:30,1.0
dosen_71,Selasa,13:30,1.0
dosen_71,Selasa,15:30,0.0
dosen_71,Senin,08:00,0.0
dosen_71,Senin,09:30,0.0
dosen_71,Senin,13:30,1.0
dosen_71,Senin,15:30,1.0
dosen_72,Jumat,08:00,0.0
dosen_72,Jumat,09:30,1.0
dosen_72,Jumat,13:30,1.0
dosen_72,Jumat,15:30,0.0
dosen_72,Kamis,08:00,0.0
dosen_72,Kamis,09:30,1.0
dosen_72,Kamis,13:30,1.0
dosen_72,Kamis,15:30,1.0
dosen_72,Rabu,08:00,0.0
dosen_72,Rabu,09:30,1.0
dosen_72,Rabu,13:30,0.0
dosen_72,Rabu,15:30,1.0
dosen_72,Selasa,08:00,0.0
dosen_72,Selasa,09:30,0.0
dosen_72,Selasa,13:30,0.0
dosen_72,Selasa,15:30,0.0
dosen_72,Senin,08:00,0.0
dosen_72,Senin,09:30,0.0
dosen_72,Senin,13:30,0.0
dosen_72,Senin,15:30,0.0
dosen_73,Jumat,08:00,0.0
dosen_73,Jumat,09:30,0.0
dosen_73,Jumat,13:30,1.0
dosen_73,Jumat,15:30,1.0
dosen_73,Kamis,08:00,0.0
dosen_73,Kamis,09:30,1.0
dosen_73,Kamis,13:30,0.0
dosen_73,Kamis,15:30,1.0
dosen_73,Rabu,08:00,0.0
dosen_73,Rabu,09:30,0.0
dosen_73,Rabu,13:30,0.0
dosen_73,Rabu,15:30,0.0
dosen_73,Selasa,08:00,0.0
dosen_73,Selasa,09:30,0.0
dosen_73,Selasa,13:30,1.0
dosen_73,Selasa,15:30,1.0
dosen_73,Senin,08:00,0.0
dosen_73,Senin,09:30,1.0
dosen_73,Senin,13:30,0.0
dosen_73,Senin,15:30,0.0
dosen_74,Jumat,08:00,0.0
dosen_74,Jumat,09:30,1.0
dosen_74,Jumat,13:30,1.0
dosen_74,Jumat,15:30,1.0
dosen_74,Kamis,08:00,0.0
dosen_74,Kamis,09:30,0.0
dosen_74,Kamis,13:30,1.0
dosen_74,Kamis,15:30,1.0
dosen_74,Rabu,08:00,0.0
dosen_74,Rabu,09:30,1.0
dosen_74,Rabu,13:30,1.0
dosen_74,Rabu,15:30,1.0
dosen_74,Selasa,08:00,0.0
dosen_74,Selasa,09:30,0.0
dosen_74,Selasa,13:30,1.0
dosen_74,Selasa,15:30,1.0
dosen_74,Senin,08:00,0.0
dosen_74,Senin,09:30,0.0
dosen_74,Senin,13:30,0.0
dosen_74,Senin,15:30,0.0
dosen_75,Jumat,08:00,0.0
dosen_75,Jumat,09:30,1.0
dosen_75,Jumat,13:30,1.0
dosen_75,Jumat,15:30,0.0
dosen_75,Kamis,08:00,0.0
dosen_75,Kamis,09:30,0.0
dosen_75,Kamis,13:30,1.0
dosen_75,Kamis,15:30,1.0
dosen_75,Rabu,08:00,0.0
dosen_75,Rabu,09:30,1.0
dosen_75,Rabu,13:30,1.0
dosen_75,Rabu,15:30,0.0
dosen_75,Selasa,08:00,0.0
dosen_75,Selasa,09:30,0.0
dosen_75,Selasa,13:30,0.0
dosen_75,Selasa,15:30,0.0
dosen_75,Senin,08:00,0.0
dosen_75,Senin,09:30,1.0
dosen_75,Senin,13:30,1.0
dosen_75,Senin,15:30,1.0
dosen_76,Jumat,08:00,0.0
dosen_76,Jumat,09:30,1.0
dosen_76,Jumat,13:30,0.0
dosen_76,Jumat,15:30,1.0
dosen_76,Kamis,08:00,0.0
dosen_76,Kamis,09:30,0.0
dosen_76,Kamis,13:30,1.0
dosen_76,Kamis,15:30,1.0
dosen_76,Rabu,08:00,0.0
dosen_76,Rabu,09:30,0.0
dosen_76,Rabu,13:30,1.0
dosen_76,Rabu,15:30,1.0
dosen_76,Selasa,08:00,0.0
dosen_76,Selasa,09:30,1.0
dosen_76,Selasa,13:30,1.0
dosen_76,Selasa,15:30,1.0
dosen_76,Senin,08:00,0.0
dosen_76,Senin,09:30,0.0
dosen_76,Senin,13:30,0.0
dosen_76,Senin,15:30,0.0
dosen_77,Jumat,08:00,0.0
dosen_77,Jumat,09:30,0.0
dosen_77,Jumat,13:30,1.0
dosen_77,Jumat,15:30,1.0
dosen_77,Kamis,08:00,0.0
dosen_77,Kamis,09:30,1.0
dosen_77,Kamis,13:30,0.0
dosen_77,Kamis,15:30,1.0
dosen_77,Rabu,08:00,0.0
dosen_77,Rabu,09:30,0.0
dosen_77,Rabu,13:30,0.0
dosen_77,Rabu,15:30,0.0
dosen_77,Selasa,08:00,0.0
dosen_77,Selasa,09:30,0.0
dosen_77,Selasa,13:30,0.0
dosen_77,Selasa,15:30,1.0
dosen_77,Senin,08:00,0.0
dosen_77,Senin,09:30,1.0
dosen_77,Senin,13:30,1.0
dosen_77,Senin,15:30,1.0
dosen_78,Jumat,08:00,0.0
dosen_78,Jumat,09:30,1.0
dosen_78,Jumat,13:30,1.0
dosen_78,Jumat,15:30,0.0
dosen_78,Kamis,08:00,0.0
dosen_78,Kamis,09:30,1.0
dosen_78,Kamis,13:30,0.0
dosen_78,Kamis,15:30,1.0
dosen_78,Rabu,08:00,0.0
dosen_78,Rabu,09:30,1.0
dosen_78,Rabu,13:30,1.0
dosen_78,Rabu,15:30,1.0
dosen_78,Selasa,08:00,0.0
dosen_78,Selasa,09:30,0.0
dosen_78,Selasa,13:30,0.0
dosen_78,Selasa,15:30,1.0
dosen_78,Senin,08:00,0.0
dosen_78,Senin,09:30,0.0
dosen_78,Senin,13:30,0.0
dosen_78,Senin,15:30,0.0
